Len_A,Len_B,Knuth_ms,NR_ms
50,5,1.999964006,0.999982003
50,10,2.999946009,1.999964006
50,15,3.000008874,2.999946009
50,20,3.000008874,3.000008874
50,25,2.999946009,3.000008874
50,30,2.999946009,3.000008874
50,35,3.000008874,3.000008874
50,40,2.999946009,3.000008874
50,45,3.999990877,3.999990877
50,50,3.999990877,3.999990877
100,5,5.999954883,2.000026871
100,10,6.000017747,3.000008874
100,15,6.99999975,3.999990877
100,20,6.000017747,4.99997288
100,25,6.99999975,3.999990877
100,30,6.99999975,3.999990877
100,35,6.99999975,4.99997288
100,40,6.99999975,3.999990877
100,45,6.99999975,4.99997288
100,50,6.99999975,4.99997288
100,55,6.99999975,4.99997288
100,60,7.999981754,4.99997288
100,65,7.999981754,4.99997288
100,70,7.999981754,4.99997288
100,75,7.999981754,4.99997288
100,80,7.999981754,3.999990877
100,85,8.999963757,3.999990877
100,90,8.999963757,4.99997288
100,95,8.999963757,3.999990877
100,100,8.999963757,3.999990877
150,5,8.999963757,3.000008874
150,10,8.999963757,3.999990877
150,15,10.00000862,4.99997288
150,20,9.000026621,4.99997288
150,25,10.00000862,4.99997288
150,30,10.00000862,4.99997288
150,35,10.00000862,4.99997288
150,40,10.99999063,5.000035744
150,45,10.99999063,4.99997288
150,50,10.99999063,4.99997288
150,55,10.99999063,4.99997288
150,60,11.99997263,5.000035744
150,65,11.99997263,4.99997288
150,70,11.99997263,4.99997288
150,75,12.00003549,4.99997288
150,80,12.99995463,5.000035744
150,85,12.99995463,4.99997288
150,90,12.99995463,4.99997288
150,95,13.0000175,5.000035744
150,100,12.99995463,5.000035744
200,5,10.99999063,3.999990877
200,10,12.00003549,4.99997288
200,15,12.99995463,5.999954883
200,20,13.0000175,6.99999975
200,25,12.99995463,5.999954883
200,30,13.9999995,6.99999975
200,35,13.9999995,6.99999975
200,40,13.9999995,6.99999975
200,45,14.9999815,6.99999975
200,50,14.9999815,6.99999975
200,55,14.9999815,6.99999975
200,60,15.00004437,6.99999975
200,65,15.99996351,6.99999975
200,70,16.00002637,6.99999975
200,75,15.99996351,6.99999975
200,80,17.00000837,6.99999975
200,85,17.00000837,6.99999975
200,90,17.00000837,6.99999975
200,95,17.99999038,6.99999975
200,100,17.99999038,6.99999975
250,5,14.9999815,5.999954883
250,10,14.9999815,6.99999975
250,15,15.99996351,7.999981754
250,20,16.00002637,6.99999975
250,25,17.00000837,6.99999975
250,30,17.00000837,7.999981754
250,35,17.00000837,6.99999975
250,40,17.99999038,6.99999975
250,45,17.99999038,7.999981754
250,50,17.99999038,6.99999975
250,55,18.99997238,6.99999975
250,60,18.99997238,6.99999975
250,65,19.99995438,7.999981754
250,70,19.99995438,6.99999975
250,75,20.00001725,7.999981754
250,80,20.99999925,6.99999975
250,85,20.99999925,6.99999975
250,90,20.99999925,7.999981754
250,95,21.99998125,7.999981754
250,100,21.99998125,7.999981754
300,5,17.99999038,6.99999975
300,10,17.99999038,7.999981754
300,15,18.99997238,7.999981754
300,20,19.00003524,7.999981754
300,25,19.99995438,7.999981754
300,30,20.99999925,7.999981754
300,35,20.99999925,7.999981754
300,40,20.99999925,7.999981754
300,45,21.99998125,7.999981754
300,50,21.99998125,7.999981754
300,55,22.99996326,7.999981754
300,60,24.00000812,7.999981754
300,65,23.00002612,8.000044618
300,70,24.00000812,8.000044618
300,75,24.00000812,7.999981754
300,80,24.99999013,7.999981754
300,85,24.99999013,7.999981754
300,90,24.99999013,7.999981754
300,95,27.000017,7.999981754
300,100,27.000017,8.999963757
350,5,19.99995438,7.999981754
350,10,21.99998125,8.000044618
350,15,21.99998125,11.00005349
350,20,21.99998125,11.99997263
350,25,23.00002612,10.99999063
350,30,23.99994526,11.99997263
350,35,24.00000812,11.99997263
350,40,24.99999013,11.99997263
350,45,24.99999013,11.99997263
350,50,25.99997213,11.99997263
350,55,25.99997213,11.99997263
350,60,27.000017,11.99997263
350,65,27.999999,12.00003549
350,70,27.999999,11.99997263
350,75,28.999981,11.99997263
350,80,28.999981,11.99997263
350,85,28.999981,11.99997263
350,90,30.00002587,11.99997263
350,95,31.00000788,11.99997263
350,100,31.00000788,11.99997263
400,5,23.99994526,8.999963757
400,10,24.99999013,9.99994576
400,15,25.99997213,13.0000175
400,20,25.99997213,12.99995463
400,25,26.99995413,13.0000175
400,30,27.999999,12.99995463
400,35,28.999981,12.99995463
400,40,29.00004387,12.99995463
400,45,29.99996301,12.99995463
400,50,31.00000788,13.0000175
400,55,29.99996301,12.99995463
400,60,31.00000788,13.0000175
400,65,31.99998988,13.0000175
400,70,31.99998988,13.0000175
400,75,32.99997188,13.0000175
400,80,33.99995388,12.99995463
400,85,33.99995388,13.0000175
400,90,34.99999875,13.0000175
400,95,35.99998076,12.99995463
400,100,36.00004362,13.0000175
450,5,26.99995413,13.0000175
450,10,27.999999,13.9999995
450,15,28.999981,13.0000175
450,20,28.999981,13.0000175
450,25,29.99996301,13.9999995
450,30,31.00000788,13.9999995
450,35,31.00000788,13.9999995
450,40,31.99998988,13.9999995
450,45,32.99997188,13.9999995
450,50,34.00001675,13.9999995
450,55,34.00001675,13.9999995
450,60,34.99999875,13.9999995
450,65,35.99998076,13.9999995
450,70,35.99998076,13.9999995
450,75,36.99996276,13.9999995
450,80,38.00000763,13.9999995
450,85,38.00000763,13.9999995
450,90,38.99998963,13.9999995
450,95,40.99995364,13.9999995
450,100,40.0000345,13.9999995
500,5,29.99996301,14.9999815
500,10,31.00000788,15.99996351
500,15,31.99998988,14.9999815
500,20,31.99998988,14.9999815
500,25,33.00003475,14.9999815
500,30,34.99999875,14.9999815
500,35,34.99999875,14.9999815
500,40,35.99998076,14.9999815
500,45,36.99996276,14.9999815
500,50,38.00000763,14.9999815
500,50,34.99999875,14.9999815
500,55,38.00000763,15.99996351
500,60,39.99997163,15.00004437
500,65,39.99997163,15.00004437
500,70,39.99997163,14.9999815
500,75,40.99995364,15.99996351
500,80,41.9999985,15.99996351
500,85,42.99998051,14.9999815
500,90,42.99998051,14.9999815
500,95,45.00000738,15.99996351
500,100,43.99996251,15.99996351
500,100,46.99997138,15.00004437
500,150,52.99998913,15.99996351
500,200,59.00000688,15.99996351
500,250,65.00002462,16.00002637
500,300,73.00000638,16.00002637
500,350,77.99997926,16.99994551
500,400,83.999997,16.99994551
500,450,91.99997876,17.00000837
500,500,96.0000325,17.00000837
550,5,32.99997188,15.99996351
550,10,34.00001675,17.00000837
550,15,34.99999875,15.99996351
550,20,35.00006162,15.99996351
550,25,35.99998076,15.99996351
550,30,37.00002562,15.99996351
550,35,38.00000763,15.99996351
550,40,38.99998963,15.99996351
550,45,39.99997163,15.99996351
550,50,40.99995364,15.99996351
550,55,41.9999985,16.00002637
550,60,42.99998051,15.99996351
550,65,43.99996251,15.99996351
550,70,44.00002537,15.99996351
550,75,43.99996251,17.00000837
550,80,45.99998938,15.99996351
550,85,45.99998938,17.00000837
550,90,46.99997138,16.00002637
550,95,49.99998026,15.99996351
550,100,48.99999825,17.00000837
600,5,34.99999875,17.00000837
600,10,36.99996276,17.99999038
600,15,37.99994476,17.00000837
600,20,38.99998963,16.99994551
600,25,39.99997163,17.00000837
600,30,41.0000165,17.00000837
600,35,41.0000165,17.00000837
600,40,42.99998051,17.00000837
600,45,44.00002537,17.00000837
600,50,45.00000738,17.00000837
600,55,45.00000738,16.99994551
600,60,45.99998938,17.00000837
600,65,46.99997138,17.99999038
600,70,48.00001625,17.99999038
600,75,47.99995339,17.99999038
600,80,49.99998026,17.99999038
600,85,51.00002512,17.99999038
600,90,52.00000713,17.99999038
600,95,53.99997113,18.99997238
600,100,53.99997113,17.99999038
650,5,38.99998963,18.99997238
650,10,41.0000165,19.99995438
650,15,41.9999985,18.99997238
650,20,42.99998051,19.00003524
650,25,43.99996251,18.99997238
650,30,45.00000738,18.99997238
650,35,45.00000738,18.99997238
650,40,45.99998938,18.99997238
650,45,47.99995339,18.99997238
650,50,47.99995339,18.99997238
650,55,48.99999825,19.00003524
650,60,50.99996226,18.99997238
650,65,50.99996226,18.99997238
650,70,50.99996226,18.99997238
650,75,52.99998913,18.99997238
650,80,53.99997113,18.99997238
650,85,54.000034,18.99997238
650,90,55.000016,18.99997238
650,95,58.99994401,20.00001725
650,100,57.99996201,18.99997238
700,5,41.0000165,20.00001725
700,10,42.99998051,20.99999925
700,15,45.00000738,26.99995413
700,20,45.00000738,27.000017
700,25,46.00005224,26.99995413
700,30,48.00001625,27.999999
700,35,47.99995339,27.999999
700,40,49.99998026,27.999999
700,45,50.99996226,27.999999
700,50,51.99994426,27.999999
700,55,52.99998913,27.999999
700,60,53.99997113,27.999999
700,65,55.999998,27.999999
700,70,54.99995314,28.999981
700,75,55.999998,28.999981
700,80,57.99996201,28.999981
700,85,59.00000688,28.999981
700,90,59.99998888,28.999981
700,95,62.99999775,28.999981
700,100,62.00001575,27.999999
750,5,43.99996251,21.99998125
750,10,45.99998938,21.99998125
750,15,48.99999825,28.999981
750,20,48.00001625,28.999981
750,25,49.99998026,28.999981
750,30,51.99994426,29.00004387
750,35,52.00000713,28.999981
750,40,52.99998913,29.00004387
750,45,55.999998,28.999981
750,50,55.999998,29.99996301
750,50,61.99995289,30.99994501
750,55,56.99998001,29.99996301
750,60,58.99994401,30.00002587
750,65,59.99998888,29.99996301
750,70,59.99998888,29.99996301
750,75,60.99997088,29.99996301
750,80,62.00001575,31.00000788
750,85,63.99997976,29.99996301
750,90,63.99997976,30.99994501
750,95,67.99997063,30.00002587
750,100,66.99998863,31.00000788
750,100,67.99997063,31.00000788
750,150,81.99997013,31.99998988
750,200,89.99995189,32.99997188
750,250,104.9999963,32.99997188
750,300,111.999996,34.00001675
750,350,125.9999955,34.99999875
750,400,130.9999684,34.99999875
750,450,143.9999859,34.99999875
750,500,148.0000396,34.99999875
750,550,160.0000123,35.99998076
750,600,169.999958,36.99996276
750,650,180.9999486,36.99996276
750,700,191.0000201,37.00002562
750,750,198.0000199,37.00002562
800,5,47.00003425,22.99996326
800,10,50.00004312,24.00000812
800,15,49.99998026,31.00000788
800,20,52.00000713,31.00000788
800,25,53.99997113,31.99998988
800,30,55.000016,31.00000788
800,35,55.000016,31.00000788
800,40,56.99998001,31.00000788
800,45,57.99996201,31.00000788
800,50,59.00000688,31.00000788
800,55,59.00000688,31.99998988
800,60,61.99995289,31.99998988
800,65,62.99999775,31.99998988
800,70,62.99999775,31.99998988
800,75,64.99996176,31.99998988
800,80,66.00000663,31.99998988
800,85,66.99998863,31.99998988
800,90,67.99997063,31.00000788
800,95,71.99996151,31.99998988
800,100,70.99997951,31.99998988
850,5,49.99998026,24.99999013
850,10,52.00000713,26.000035
850,15,53.99997113,32.99997188
850,20,55.000016,32.99997188
850,25,57.99996201,31.99998988
850,30,57.99996201,32.99997188
850,35,59.00000688,32.99997188
850,40,60.99997088,32.99997188
850,45,62.99999775,33.99995388
850,50,63.99997976,32.99997188
850,55,63.99997976,34.00001675
850,60,66.00000663,33.99995388
850,65,67.99997063,33.99995388
850,70,67.99997063,33.99995388
850,75,69.0000155,34.00001675
850,80,71.00004237,34.00001675
850,85,71.99996151,34.00001675
850,90,72.99994351,33.99995388
850,95,76.99999725,34.00001675
850,100,76.00001525,33.99995388
900,5,53.99997113,38.99998963
900,10,55.999998,40.0000345
900,15,56.99998001,34.00001675
900,20,57.99996201,34.00001675
900,25,59.99998888,34.00001675
900,30,62.00001575,33.99995388
900,35,62.00001575,34.99999875
900,40,63.99997976,34.99999875
900,45,66.00000663,34.99999875
900,50,66.99998863,34.99999875
900,55,68.99995264,34.99999875
900,60,70.99997951,35.99998076
900,65,71.99996151,35.99998076
900,70,72.00002437,34.99999875
900,75,73.99998838,34.99999875
900,80,75.00003325,34.99999875
900,85,76.99999725,35.99998076
900,90,76.99999725,35.99998076
900,95,82.000033,35.99998076
900,100,80.00000613,35.99998076
950,5,56.99998001,41.9999985
950,10,59.00000688,42.99998051
950,15,60.99997088,36.99996276
950,20,60.99997088,36.99996276
950,25,62.99999775,36.99996276
950,30,66.00000663,36.99996276
950,35,65.99994376,37.00002562
950,40,68.0000335,38.00000763
950,45,69.9999975,38.00000763
950,50,70.99997951,38.00000763
950,55,71.99996151,38.00000763
950,60,73.99998838,36.99996276
950,65,75.99995239,38.00000763
950,70,76.00001525,38.00000763
950,75,76.99999725,37.99994476
950,80,78.99996126,38.00000763
950,85,80.99998813,38.00000763
950,90,80.99998813,38.00000763
950,95,85.99996101,38.00000763
950,100,85.99996101,38.99998963
1000,5,59.99998888,42.99998051
1000,10,62.99999775,43.99996251
1000,15,64.99996176,38.00000763
1000,20,64.99996176,38.00000763
1000,25,67.00005149,37.99994476
1000,30,69.9999975,38.99998963
1000,35,69.9999975,38.00000763
1000,40,70.99997951,38.99998963
1000,45,73.99998838,38.99998963
1000,50,76.00001525,38.99998963
1000,50,74.99997038,38.99998963
1000,55,76.99999725,38.99998963
1000,60,78.99996126,38.99998963
1000,65,79.00002412,38.99998963
1000,70,79.99994326,38.99998963
1000,75,82.000033,39.00005249
1000,80,83.999997,39.99997163
1000,85,84.99997901,39.99997163
1000,90,84.99997901,39.99997163
1000,95,90.99999676,38.99998963
1000,100,89.99995189,39.99997163
1000,100,92.99996076,39.99997163
1000,150,106.0000411,40.99995364
1000,200,116.0000497,40.99995364
1000,250,133.9999773,41.9999985
1000,300,146.9999948,42.99998051
1000,350,156.9999405,42.99998051
1000,400,169.999958,43.99996251
1000,450,185.9999844,45.00000738
1000,500,196.999975,45.99998938
1000,550,212.0000194,45.99998938
1000,600,223.999992,46.99997138
1000,650,241.0000004,46.99997138
1000,700,255.9999819,48.00001625
1000,750,262.9999816,47.99995339
1000,800,272.0000083,48.00001625
1000,850,286.9999898,47.99995339
1050,5,62.99999775,45.00000738
1050,10,66.00000663,45.99998938
1050,15,67.99997063,39.99997163
1050,20,68.0000335,40.99995364
1050,25,70.99997951,39.99997163
1050,30,73.00000638,40.99995364
1050,35,71.99996151,39.99997163
1050,40,75.99995239,40.0000345
1050,45,80.99998813,41.0000165
1050,50,82.000033,40.99995364
1050,55,83.999997,41.0000165
1050,60,86.00002388,41.0000165
1050,65,88.99996988,41.9999985
1050,70,87.99998788,41.9999985
1050,75,88.99996988,41.9999985
1050,80,101.9999874,41.9999985
1050,85,89.99995189,40.99995364
1050,90,90.99999676,41.9999985
1050,95,91.99997876,41.9999985
1050,100,97.99999651,41.9999985
1100,5,66.00000663,47.00003425
1100,10,69.9999975,47.99995339
1100,15,71.00004237,42.99998051
1100,20,71.99996151,42.99998051
1100,25,73.99998838,41.9999985
1100,30,76.99999725,42.99998051
1100,35,76.99999725,42.99998051
1100,40,78.99996126,42.99998051
1100,45,85.00004187,42.99998051
1100,50,87.00000588,43.99996251
1100,55,87.99998788,42.99998051
1100,60,90.99999676,44.00002537
1100,65,92.99996076,44.00002537
1100,70,93.00002363,43.99996251
1100,75,94.99998763,43.99996251
1100,80,105.9999783,45.00000738
1100,85,94.99998763,43.99996251
1100,90,96.0000325,44.00002537
1100,95,96.99995164,45.00000738
1100,100,103.0000322,45.00000738
1150,5,69.0000155,50.00004312
1150,10,73.00000638,51.00002512
1150,15,74.99997038,44.00002537
1150,20,75.99995239,45.00000738
1150,25,77.99997926,45.00000738
1150,30,80.00000613,45.00000738
1150,35,79.00002412,45.00000738
1150,40,81.99997013,44.99994451
1150,45,87.00000588,45.00000738
1150,50,89.99995189,45.99998938
1150,55,90.00001475,45.99998938
1150,60,94.00000563,45.00000738
1150,65,95.99996964,45.99998938
1150,70,95.99996964,45.99998938
1150,75,97.0000145,46.99997138
1150,80,109.9999691,46.99997138
1150,85,97.99999651,45.99998938
1150,90,97.99999651,47.99995339
1150,95,99.99996051,46.99997138
1150,100,105.9999783,47.00003425
1200,5,70.99997951,52.00000713
1200,10,73.99998838,53.00005199
1200,15,76.00001525,47.00003425
1200,20,76.99999725,46.99997138
1200,25,79.99994326,47.00003425
1200,30,81.99997013,47.00003425
1200,35,81.99997013,46.99997138
1200,40,84.99997901,48.00001625
1200,45,91.99997876,46.99997138
1200,50,92.99996076,47.99995339
1200,55,94.00000563,47.99995339
1200,60,97.0000145,48.00001625
1200,65,100.0000234,48.99999825
1200,70,100.0000234,48.00001625
1200,75,101.0000054,48.00001625
1200,80,115.0000049,48.99999825
1200,85,101.9999874,48.99999825
1200,90,102.9999694,48.99999825
1200,95,104.0000143,48.99999825
1200,100,110.9999511,49.99998026
1250,5,73.99998838,53.99997113
1250,10,77.99997926,55.999998
1250,15,80.00000613,48.99999825
1250,20,80.99998813,49.99998026
1250,25,83.000015,49.99998026
1250,30,85.99996101,50.00004312
1250,35,84.99997901,49.99998026
1250,40,88.00005075,50.00004312
1250,45,94.99998763,49.99998026
1250,50,97.0000145,50.00004312
1250,50,101.0000054,52.00000713
1250,55,97.99999651,49.99998026
1250,60,101.0000054,49.99998026
1250,65,104.0000143,50.99996226
1250,70,104.0000143,50.99996226
1250,75,104.9999963,49.99998026
1250,80,119.9999778,52.00000713
1250,85,106.0000411,50.99996226
1250,90,106.9999603,52.00000713
1250,95,108.9999871,50.99996226
1250,100,115.9999869,52.00000713
1250,100,113.99996,52.00000713
1250,150,134.9999593,53.99997113
1250,200,146.0000128,55.000016
1250,250,167.999994,55.999998
1250,300,180.9999486,55.999998
1250,350,199.9999839,55.999998
1250,400,216.0000103,57.99996201
1250,450,238.0000544,59.00000688
1250,500,249.9999641,59.99998888
1250,550,272.0000083,59.99998888
1250,600,284.9999629,61.00003375
1250,650,300.9999893,61.00003375
1250,700,322.0000514,61.99995289
1250,750,332.9999791,61.99995289
1250,800,346.9999786,62.99999775
1250,850,362.000023,62.99999775
1300,5,76.00001525,57.99996201
1300,10,79.99994326,59.00000688
1300,15,82.99995214,52.99998913
1300,20,85.00004187,53.00005199
1300,25,87.99998788,54.000034
1300,30,89.99995189,53.99997113
1300,35,90.99999676,52.99998913
1300,40,93.00002363,54.000034
1300,45,99.99996051,53.99997113
1300,50,101.9999874,53.99997113
1300,55,103.0000322,54.000034
1300,60,107.0000231,53.99997113
1300,65,109.9999691,55.999998
1300,70,111.999996,55.999998
1300,75,111.999996,54.000034
1300,80,125.9999955,55.999998
1300,85,111.000014,55.999998
1300,90,112.999978,55.999998
1300,95,113.0000409,55.999998
1300,100,129.0000044,55.999998
1350,5,80.00000613,61.00003375
1350,10,84.99997901,62.00001575
1350,15,91.99997876,82.99995214
1350,20,91.99997876,82.000033
1350,25,90.00001475,82.99995214
1350,30,93.00002363,82.000033
1350,35,92.99996076,83.000015
1350,40,95.99996964,80.99998813
1350,45,111.000014,83.999997
1350,50,112.999978,81.99997013
1350,55,114.999942,83.000015
1350,60,104.9999963,83.999997
1350,65,107.0000231,83.999997
1350,70,107.0000231,83.999997
1350,75,114.999942,84.00005987
1350,80,122.0000046,83.999997
1350,85,113.99996,83.999997
1350,90,115.0000049,84.99997901
1350,95,116.9999689,85.00004187
1350,100,132.9999953,85.99996101
1400,5,81.99997013,62.99999775
1400,10,85.99996101,63.99997976
1400,15,94.00000563,84.99997901
1400,20,94.99998763,83.999997
1400,25,92.99996076,86.00002388
1400,30,95.99996964,85.99996101
1400,35,95.0000505,86.00002388
1400,40,99.00004137,85.99996101
1400,45,115.0000049,84.99997901
1400,50,115.9999869,85.00004187
1400,55,119.9999778,85.99996101
1400,60,108.9999871,84.99997901
1400,65,111.999996,86.00002388
1400,70,111.000014,86.00002388
1400,75,116.9999689,86.00002388
1400,80,125.9999955,86.00002388
1400,85,118.0000138,86.00002388
1400,90,120.9999598,87.00000588
1400,95,120.9999598,85.00004187
1400,100,136.9999861,87.99998788
1450,5,85.99996101,66.99998863
1450,10,88.99996988,68.0000335
1450,15,97.99999651,87.99998788
1450,20,97.99999651,87.00000588
1450,25,95.99996964,88.00005075
1450,30,98.99997851,88.00005075
1450,35,98.99997851,87.99998788
1450,40,102.9999694,87.99998788
1450,45,119.9999778,87.99998788
1450,50,122.0000046,88.99996988
1450,55,123.9999686,87.99998788
1450,60,113.99996,89.00003275
1450,65,115.9999869,89.00003275
1450,70,114.999942,88.99996988
1450,75,122.9999866,88.99996988
1450,80,130.9999684,90.00001475
1450,85,122.9999866,90.00001475
1450,90,124.9999506,89.00003275
1450,95,125.9999955,88.99996988
1450,100,141.999959,90.99999676
1500,5,87.99998788,69.9999975
1500,10,92.99996076,70.99997951
1500,15,101.0000054,90.00001475
1500,20,102.9999694,90.99999676
1500,25,100.0000234,89.99995189
1500,30,102.9999694,90.99999676
1500,35,102.9999694,90.99999676
1500,40,107.0000231,90.99999676
1500,45,123.9999686,93.00002363
1500,50,126.9999775,92.00004162
1500,50,112.999978,91.99997876
1500,55,129.0000044,91.99997876
1500,60,119.9999778,93.99994276
1500,65,122.0000046,94.00000563
1500,70,122.0000046,94.00000563
1500,75,129.0000044,93.00002363
1500,80,136.0000041,94.00000563
1500,85,128.0000224,94.00000563
1500,90,129.9999864,94.00000563
1500,95,132.0000133,94.00000563
1500,100,149.0000216,94.99998763
1500,100,139.999995,93.00002363
1500,150,160.0000123,94.99998763
1500,200,176.9999578,95.99996964
1500,250,198.0000199,97.0000145
1500,300,222.000028,98.99997851
1500,350,237.9999915,99.99996051
1500,400,258.9999908,102.9999694
1500,450,282.0000169,101.9999874
1500,500,300.9999893,104.9999963
1500,550,322.9999705,104.9999963
1500,600,341.9999429,105.9999783
1500,650,364.0000499,108.9999871
1500,700,380.9999954,109.9999691
1500,750,400.9999498,108.9999871
1500,800,415.9999941,110.000032
1500,850,435.0000294,111.000014
1550,5,93.00002363,72.00002437
1550,10,96.99995164,73.99998838
1550,15,105.9999783,94.00000563
1550,20,105.9999783,94.00000563
1550,25,104.9999963,94.99998763
1550,30,107.0000231,95.0000505
1550,35,107.0000231,94.99998763
1550,40,111.999996,94.99998763
1550,45,129.9999864,96.0000325
1550,50,132.0000133,95.99996964
1550,55,133.9999773,96.99995164
1550,60,122.0000046,94.99998763
1550,65,125.0000135,95.99996964
1550,70,124.9999506,97.0000145
1550,75,132.9999953,97.99999651
1550,80,141.999959,97.0000145
1550,85,133.9999773,97.99999651
1550,90,135.0000221,97.0000145
1550,95,136.0000041,97.99999651
1550,100,155.0000394,97.99999651
1600,5,97.0000145,76.99999725
1600,10,101.9999874,77.99997926
1600,15,110.9999511,97.99999651
1600,20,111.999996,97.99999651
1600,25,109.9999691,98.99997851
1600,30,112.999978,97.0000145
1600,35,112.999978,98.99997851
1600,40,116.9999689,97.0000145
1600,45,134.9999593,99.00004137
1600,50,137.000049,98.99997851
1600,55,141.0000399,99.99996051
1600,60,129.0000044,101.0000054
1600,65,131.9999504,101.0000054
1600,70,130.9999684,99.00004137
1600,75,139.000013,99.00004137
1600,80,146.9999948,101.0000054
1600,85,138.9999501,100.0000234
1600,90,140.999977,102.9999694
1600,95,140.999977,101.0000054
1600,100,161.9999763,101.0000054
1650,5,99.99996051,80.99998813
1650,10,104.9999963,79.99994326
1650,15,115.0000049,101.9999874
1650,20,115.9999869,101.9999874
1650,25,113.0000409,102.9999694
1650,30,115.0000049,101.0000054
1650,35,116.9999689,101.9999874
1650,40,120.9999598,104.0000143
1650,45,139.999995,103.9999514
1650,50,142.0000219,103.0000322
1650,55,144.9999679,101.9999874
1650,60,132.9999953,103.0000322
1650,65,134.9999593,103.9999514
1650,70,136.0000041,104.0000143
1650,75,143.0000039,104.0000143
1650,80,152.0000305,104.0000143
1650,85,143.9999859,104.9999963
1650,90,144.9999679,104.9999963
1650,95,146.9999948,103.9999514
1650,100,166.9999491,104.9999963
1700,5,103.9999514,82.000033
1700,10,108.9999871,84.99997901
1700,15,118.0000138,104.0000143
1700,20,119.9999778,104.9999963
1700,25,116.9999689,104.9999963
1700,30,119.9999778,106.0000411
1700,35,118.9999958,105.9999783
1700,40,125.0000135,105.9999783
1700,45,143.9999859,105.9999783
1700,50,146.0000128,107.0000231
1700,55,150.0000036,105.9999783
1700,60,136.9999861,106.9999603
1700,65,139.999995,107.9999423
1700,70,138.9999501,108.0000051
1700,75,147.9999768,105.9999783
1700,80,157.0000034,108.0000051
1700,85,146.9999948,105.9999783
1700,90,147.9999768,108.0000051
1700,95,150.9999856,106.9999603
1700,100,170.99994,106.0000411
1750,5,107.0000231,86.00002388
1750,10,112.999978,87.00000588
1750,15,122.0000046,108.0000051
1750,20,122.9999866,109.9999691
1750,25,119.9999778,104.9999963
1750,30,121.0000226,108.9999871
1750,35,119.9999778,106.9999603
1750,40,125.9999955,106.9999603
1750,45,145.9999499,108.0000051
1750,50,147.9999768,108.9999871
1750,50,132.9999953,106.9999603
1750,55,150.9999856,108.0000051
1750,60,136.9999861,107.9999423
1750,65,139.999995,109.9999691
1750,70,140.999977,109.9999691
1750,75,148.9999588,108.0000051
1750,80,158.9999674,109.9999691
1750,85,148.9999588,109.9999691
1750,90,150.9999856,110.9999511
1750,95,150.9999856,109.9999691
1750,100,172.9999669,111.999996
1750,100,156.0000214,109.9999691
1750,150,188.9999933,111.999996
1750,200,206.0000016,112.999978
1750,250,230.0000098,115.9999869
1750,300,261.9999996,118.9999958
1750,350,282.0000169,118.9999958
1750,400,300.9999893,118.9999958
1750,450,331.9999971,121.0000226
1750,500,347.0000415,122.9999866
1750,550,377.0000045,123.9999686
1750,600,394.9999949,124.0000315
1750,650,418.000021,126.9999775
1750,700,448.999966,127.9999595
1750,750,475.000001,128.0000224
1750,800,493.9999734,129.9999864
1750,850,516.9999995,131.0000313
1800,5,106.9999603,132.9999953
1800,10,111.999996,134.9999593
1800,15,122.9999866,109.9999691
1800,20,123.9999686,110.9999511
1800,25,121.0000226,110.9999511
1800,30,124.9999506,111.000014
1800,35,124.0000315,111.000014
1800,40,129.0000044,111.999996
1800,45,150.0000036,111.000014
1800,50,153.9999945,110.9999511
1800,55,156.0000214,112.999978
1800,60,143.0000039,111.000014
1800,65,143.0000039,111.999996
1800,70,145.0000308,113.0000409
1800,75,153.9999945,112.999978
1800,80,164.0000031,112.999978
1800,85,153.9999945,115.0000049
1800,90,157.0000034,114.0000229
1800,95,159.9999494,115.0000049
1800,100,179.9999666,115.0000049
1850,5,110.9999511,139.999995
1850,10,118.0000138,141.0000399
1850,15,127.9999595,115.0000049
1850,20,128.0000224,115.0000049
1850,25,123.9999686,115.0000049
1850,30,129.0000044,115.9999869
1850,35,129.9999864,116.0000497
1850,40,133.9999773,115.0000049
1850,45,154.9999765,116.9999689
1850,50,157.9999854,115.9999869
1850,55,160.9999943,117.9999509
1850,60,148.0000396,116.0000497
1850,65,151.9999676,118.0000138
1850,70,151.9999676,117.9999509
1850,75,159.9999494,118.9999958
1850,80,171.0000029,118.0000138
1850,85,160.9999943,118.0000138
1850,90,161.9999763,118.0000138
1850,95,164.0000031,118.0000138
1850,100,185.0000024,120.9999598
1900,5,114.0000229,142.0000219
1900,10,120.9999598,143.9999859
1900,15,130.9999684,118.9999958
1900,20,130.9999684,118.9999958
1900,25,130.9999684,122.9999866
1900,30,132.9999953,122.0000046
1900,35,132.9999953,121.0000226
1900,40,137.9999681,121.0000226
1900,45,161.9999763,121.0000226
1900,50,164.0000031,122.0000046
1900,55,167.000012,120.9999598
1900,60,151.0000485,122.0000046
1900,65,155.9999585,120.0000406
1900,70,154.9999765,119.9999778
1900,75,164.0000031,121.0000226
1900,80,174.9999938,122.0000046
1900,85,164.0000031,122.0000046
1900,90,164.9999851,120.9999598
1900,95,167.999994,122.0000046
1900,100,190.0000381,122.9999866
1950,5,117.9999509,143.9999859
1950,10,124.0000315,147.9999768
1950,15,132.9999953,123.0000495
1950,20,136.0000041,122.0000046
1950,25,132.0000133,123.9999686
1950,30,136.9999861,123.0000495
1950,35,135.9999413,122.9999866
1950,40,142.0000219,122.0000046
1950,45,165.000048,125.0000135
1950,50,169.0000389,124.0000315
1950,55,172.9999669,124.9999506
1950,60,156.0000214,125.0000135
1950,65,160.0000123,125.9999955
1950,70,160.0000123,125.0000135
1950,75,169.0000389,125.9999955
1950,80,181.0000115,126.9999775
1950,85,170.0000209,128.0000224
1950,90,171.0000029,125.9999955
1950,95,174.0000118,127.9999595
1950,100,197.999957,127.0000404
2000,5,122.9999866,150.9999856
2000,10,128.0000224,155.0000394
2000,15,137.9999681,129.0000044
2000,20,140.999977,128.0000224
2000,25,137.9999681,129.0000044
2000,30,140.999977,128.0000224
2000,35,140.999977,126.9999775
2000,40,146.9999948,127.0000404
2000,45,171.0000029,128.9999415
2000,50,174.0000118,127.9999595
2000,50,150.0000036,126.9999775
2000,55,175.9999758,129.0000044
2000,60,160.0000123,129.0000044
2000,65,163.0000211,129.9999864
2000,70,164.0000031,129.9999864
2000,75,174.0000118,129.0000044
2000,80,185.0000024,129.9999864
2000,85,174.0000118,129.0000044
2000,90,176.0000386,128.9999415
2000,95,178.0000026,131.0000313
2000,100,201.9999479,130.9999684
2000,100,199.0000019,129.9999864
2000,150,213.9999834,131.0000313
2000,200,240.0000184,136.0000041
2000,250,262.9999816,136.0000041
2000,300,289.0000166,136.9999861
2000,350,313.0000248,143.0000039
2000,400,340.9999609,139.000013
2000,450,373.9999956,140.999977
2000,500,401.9999946,143.0000039
2000,550,430.9999757,146.0000128
2000,600,456.0000286,143.9999859
2000,650,483.9999648,146.9999948
2000,700,513.9999907,146.0000128
2000,750,535.0000528,149.0000216
2000,800,555.9999892,150.0000036
2000,850,582.0000242,153.9999945
2050,5,125.0000135,153.9999945
2050,10,132.0000133,154.9999765
2050,15,141.999959,129.9999864
2050,20,145.0000308,129.9999864
2050,25,141.0000399,131.0000313
2050,30,143.9999859,132.0000133
2050,35,143.9999859,132.0000133
2050,40,149.9999408,131.0000313
2050,45,174.9999938,132.9999953
2050,50,176.9999578,132.0000133
2050,55,181.9999935,132.0000133
2050,60,164.9999851,132.9999953
2050,65,168.999976,132.9999953
2050,70,167.999994,134.9999593
2050,75,178.9999846,133.0000581
2050,80,190.0000381,129.9999864
2050,85,173.9999489,130.9999684
2050,90,175.9999758,130.9999684
2050,95,178.9999846,131.0000313
2050,100,202.9999928,132.9999953
2100,5,125.0000135,153.9999945
2100,10,130.9999684,156.9999405
2100,15,143.0000039,132.9999953
2100,20,144.9999679,133.9999773
2100,25,140.999977,133.9999773
2100,30,145.9999499,134.0000401
2100,35,144.9999679,133.9999773
2100,40,150.0000036,132.9999953
2100,45,174.0000118,133.9999773
2100,50,176.9999578,133.9999773
2100,55,180.9999486,133.9999773
2100,60,165.000048,134.9999593
2100,65,169.0000389,134.9999593
2100,70,167.999994,133.9999773
2100,75,178.0000026,134.0000401
2100,80,190.9999573,135.9999413
2100,85,178.0000026,134.9999593
2100,90,180.0000295,136.0000041
2100,95,182.9999755,134.9999593
2100,100,207.9999656,136.9999861
2150,5,128.0000224,159.9999494
2150,10,134.9999593,160.0000123
2150,15,146.9999948,135.0000221
2150,20,147.9999768,136.9999861
2150,25,144.9999679,137.9999681
2150,30,148.9999588,137.9999681
2150,35,148.9999588,137.9999681
2150,40,153.9999945,136.9999861
2150,45,178.9999846,136.0000041
2150,50,182.9999755,142.999941
2150,55,188.0000113,138.9999501
2150,60,171.0000029,142.0000219
2150,65,175.9999758,142.0000219
2150,70,174.9999938,140.999977
2150,75,187.0000293,141.999959
2150,80,197.999957,141.999959
2150,85,186.9999664,142.0000219
2150,90,188.0000113,141.999959
2150,95,190.0000381,140.999977
2150,100,216.0000103,142.999941
2200,5,132.9999953,166.9999491
2200,10,140.999977,168.999976
2200,15,150.9999856,141.0000399
2200,20,153.0000125,142.0000219
2200,25,149.0000216,140.999977
2200,30,152.9999496,142.0000219
2200,35,153.9999945,141.0000399
2200,40,160.0000123,141.0000399
2200,45,184.0000204,142.0000219
2200,50,187.0000293,143.0000039
2200,55,191.0000201,143.0000039
2200,60,174.9999938,143.0000039
2200,65,178.9999846,143.0000039
2200,70,178.9999846,143.0000039
2200,75,189.9999753,143.9999859
2200,80,200.9999659,144.0000487
2200,85,188.9999933,145.9999499
2200,90,191.9999393,144.9999679
2200,95,192.9999841,144.9999679
2200,100,220.0000011,145.0000308
2250,5,136.0000041,167.999994
2250,10,142.0000219,171.9999849
2250,15,154.9999765,146.0000128
2250,20,156.0000214,146.9999948
2250,25,153.0000125,146.9999948
2250,30,157.9999854,146.9999948
2250,35,156.9999405,146.0000128
2250,40,161.9999763,146.9999948
2250,45,188.0000113,145.9999499
2250,50,192.9999841,146.9999948
2250,50,173.9999489,150.9999856
2250,55,195.000011,146.0000128
2250,60,177.0000206,147.9999768
2250,65,179.9999666,150.0000036
2250,70,183.9999575,151.0000485
2250,75,195.000011,151.0000485
2250,80,207.9999656,152.0000305
2250,85,194.9999481,150.9999856
2250,90,198.0000199,151.9999676
2250,95,199.9999839,151.9999676
2250,100,223.999992,154.0000574
2250,100,206.9999836,153.9999945
2250,150,244.9999913,150.0000036
2250,200,265.0000085,150.0000036
2250,250,296.9999984,159.0000303
2250,300,332.9999791,158.9999674
2250,350,359.0000141,159.9999494
2250,400,391.000004,161.9999763
2250,450,428.0000296,165.9999671
2250,500,455.0000466,164.9999851
2250,550,489.9999825,168.999976
2250,600,511.0000446,170.0000209
2250,650,548.0000074,171.0000029
2250,700,577.9999704,172.0000478
2250,750,606.0000323,173.0000298
2250,800,628.0000135,174.0000118
2250,850,667.0000032,177.0000206
2300,5,140.999977,175.9999758
2300,10,147.9999768,176.9999578
2300,15,158.9999674,153.9999945
2300,20,161.9999763,152.9999496
2300,25,158.0000482,153.9999945
2300,30,163.0000211,153.9999945
2300,35,160.0000123,153.0000125
2300,40,166.00003,151.9999676
2300,45,174.0000118,153.0000125
2300,50,185.0000024,153.9999945
2300,55,185.9999844,156.0000214
2300,60,189.9999753,154.9999765
2300,65,197.999957,155.0000394
2300,70,195.999993,155.0000394
2300,75,199.0000019,155.0000394
2300,80,226.0000189,153.9999945
2300,85,199.0000019,155.0000394
2300,90,201.0000288,154.9999765
2300,95,205.0000196,154.9999765
2300,100,217.9999743,155.0000394
2350,5,143.9999859,179.9999666
2350,10,150.0000036,181.9999935
2350,15,154.9999765,157.0000034
2350,20,155.9999585,155.9999585
2350,25,159.9999494,154.9999765
2350,30,165.9999671,157.0000034
2350,35,164.9999851,157.0000034
2350,40,170.0000209,158.9999674
2350,45,185.0000024,158.0000482
2350,50,181.9999935,158.9999674
2350,55,181.9999935,157.9999854
2350,60,188.0000113,158.9999674
2350,65,200.9999659,160.0000123
2350,70,199.9999839,158.9999674
2350,75,202.9999928,160.0000123
2350,80,216.9999923,159.9999494
2350,85,202.0000108,160.0000123
2350,90,205.0000196,160.0000123
2350,95,206.9999836,159.0000303
2350,100,220.9999831,157.9999854
2400,5,146.9999948,181.9999935
2400,10,153.0000125,185.0000024
2400,15,158.9999674,160.9999943
2400,20,159.0000303,160.0000123
2400,25,164.9999851,159.9999494
2400,30,167.999994,162.0000391
2400,35,167.999994,160.9999943
2400,40,174.0000118,163.0000211
2400,45,189.9999753,161.9999763
2400,50,185.0000024,163.0000211
2400,55,186.9999664,160.9999943
2400,60,193.000047,163.0000211
2400,65,206.0000016,162.9999583
2400,70,205.0000196,164.0000031
2400,75,207.9999656,164.0000031
2400,80,221.9999651,164.9999851
2400,85,207.9999656,164.0000031
2400,90,209.9999925,164.0000031
2400,95,213.0000014,164.9999851
2400,100,227.9999829,165.9999671
2450,5,150.0000036,187.0000293
2450,10,157.9999854,185.0000024
2450,15,157.9999854,161.9999763
2450,20,160.0000123,160.9999943
2450,25,164.9999851,160.9999943
2450,30,169.999958,161.9999763
2450,35,168.999976,162.0000391
2450,40,174.9999938,162.9999583
2450,45,189.9999753,163.0000211
2450,50,186.9999664,164.0000031
2450,55,185.9999844,162.9999583
2450,60,192.0000021,165.000048
2450,65,206.0000016,165.9999671
2450,70,204.9999568,164.9999851
2450,75,208.9999476,164.9999851
2450,80,222.9999471,166.9999491
2450,85,209.9999925,164.9999851
2450,90,210.9999745,166.00003
2450,95,213.9999834,165.9999671
2450,100,227.9999829,168.0000569
2500,5,150.9999856,191.0000201
2500,10,157.0000034,191.0000201
2500,15,161.9999763,167.000012
2500,20,162.9999583,167.000012
2500,25,168.999976,171.0000029
2500,30,174.9999938,171.0000029
2500,35,174.9999938,171.0000029
2500,40,180.0000295,171.0000029
2500,45,196.999975,171.9999849
2500,50,192.9999841,171.9999849
2500,50,188.9999933,172.9999669
2500,55,192.0000021,173.9999489
2500,60,199.0000019,172.9999669
2500,65,213.0000014,172.0000478
2500,70,213.9999834,173.0000298
2500,75,216.0000103,171.9999849
2500,80,230.0000098,174.0000118
2500,85,216.9999923,174.0000118
2500,90,218.0000371,174.9999938
2500,95,221.9999651,174.0000118
2500,100,235.0000455,174.0000118
2500,100,251.999991,178.0000026
2500,150,272.0000083,175.9999758
2500,200,300.0000073,179.0000475
2500,250,330.9999523,180.0000295
2500,300,364.999969,188.0000113
2500,350,401.0000126,185.0000024
2500,400,429.9999936,190.0000381
2500,450,468.9999833,188.9999933
2500,500,497.9999643,189.9999753
2500,550,546.0000434,192.0000021
2500,600,576.0000064,195.999993
2500,650,611.0000052,196.999975
2500,700,639.9999862,196.999975
2500,750,682.9999667,202.9999928
2500,800,712.9999925,198.0000199
2500,850,734.9999738,204.9999568
2550,5,155.0000394,196.999975
2550,10,162.9999583,199.0000019
2550,15,167.000012,174.9999938
2550,20,168.999976,175.0000566
2550,25,176.0000386,174.0000118
2550,30,178.9999846,177.0000206
2550,35,179.9999666,176.0000386
2550,40,185.9999844,178.0000026
2550,45,201.9999479,178.9999846
2550,50,196.999975,177.0000206
2550,55,195.999993,178.0000026
2550,60,202.9999928,178.0000026
2550,65,220.0000011,180.0000295
2550,70,218.9999563,179.9999666
2550,75,222.000028,178.9999846
2550,80,235.9999646,181.9999935
2550,85,221.9999651,180.0000295
2550,90,223.999992,179.9999666
2550,95,227.0000009,179.0000475
2550,100,242.0000453,178.0000026
2600,5,158.9999674,202.9999928
2600,10,167.000012,207.9999656
2600,15,172.9999669,182.9999755
2600,20,172.9999669,180.0000295
2600,25,178.9999846,181.9999935
2600,30,183.0000384,181.0000115
2600,35,182.9999755,181.0000115
2600,40,188.9999933,181.9999935
2600,45,203.9999748,185.0000024
2600,50,200.9999659,184.0000204
2600,55,202.0000108,182.9999755
2600,60,208.0000285,185.0000024
2600,65,221.9999651,185.0000024
2600,70,221.9999651,183.9999575
2600,75,226.0000189,182.0000564
2600,80,240.0000184,184.0000204
2600,85,226.0000189,185.0000024
2600,90,227.0000009,183.0000384
2600,95,230.0000098,185.0000024
2600,100,246.0000361,187.0000293
2650,5,161.9999763,209.0000105
2650,10,171.9999849,209.9999925
2650,15,173.9999489,184.0000204
2650,20,175.9999758,185.0000024
2650,25,182.0000564,187.0000293
2650,30,186.9999664,186.0000473
2650,35,186.9999664,184.0000204
2650,40,192.9999841,185.9999844
2650,45,209.9999925,187.0000293
2650,50,206.9999836,187.0000293
2650,55,206.0000016,189.9999753
2650,60,213.0000014,188.9999933
2650,65,227.9999829,190.0000381
2650,70,228.9999649,189.9999753
2650,75,230.9999918,188.0000113
2650,80,244.0000093,192.0000021
2650,85,230.9999918,191.0000201
2650,90,234.0000006,189.9999753
2650,95,234.9999826,188.9999933
2650,100,251.000009,192.0000021
2700,5,165.9999671,210.9999745
2700,10,174.0000118,213.0000014
2700,15,179.9999666,282.9999989
2700,20,180.0000295,283.9999809
2700,25,185.0000024,283.9999809
2700,30,189.9999753,286.0000078
2700,35,191.9999393,286.9999898
2700,40,196.999975,283.9999809
2700,45,214.9999654,284.9999629
2700,50,209.9999925,287.9999718
2700,55,210.9999745,287.9999718
2700,60,216.9999923,288.0000346
2700,65,230.9999918,288.9999538
2700,70,233.0000186,286.9999898
2700,75,236.9999466,291.0000435
2700,80,249.000045,290.9999806
2700,85,234.9999826,290.0000615
2700,90,237.9999915,289.9999986
2700,95,242.0000453,290.9999806
2700,100,256.0000448,290.9999806
2750,5,167.999994,216.0000103
2750,10,178.0000026,218.9999563
2750,15,181.9999935,288.9999538
2750,20,183.0000384,287.0000526
2750,25,188.9999933,289.0000166
2750,30,195.999993,288.9999538
2750,35,194.000029,289.9999986
2750,40,200.0000468,290.0000615
2750,45,216.9999923,293.0000075
2750,50,216.0000103,290.9999806
2750,50,213.9999834,300.9999893
2750,55,213.0000014,289.0000166
2750,60,220.0000011,291.0000435
2750,65,235.9999646,291.0000435
2750,70,234.9999826,290.9999806
2750,75,238.9999735,293.0000075
2750,80,254.0000179,295.0000344
2750,85,237.9999915,293.9999895
2750,90,240.0000184,294.0000524
2750,95,244.0000093,295.0000344
2750,100,260.9999548,295.0000344
2750,100,253.999955,303.9999981
2750,150,299.0000253,303.9999981
2750,200,324.9999974,310.9999979
2750,250,366.9999959,309.999953
2750,300,403.0000395,310.9999979
2750,350,446.00002,315.9999708
2750,400,474.000019,319.9999616
2750,450,518.0000444,321.0000065
2750,500,551.0000163,328.9999883
2750,550,597.0000057,327.0000243
2750,600,625.0000047,328.9999883
2750,650,663.0000123,328.9999883
2750,700,709.9999837,334.000024
2750,750,751.9999822,338.9999969
2750,800,774.0000263,339.9999789
2750,850,814.9999799,335.000006
2800,5,171.9999849,219.0000191
2800,10,181.0000115,225.999956
2800,15,185.9999844,294.9999715
2800,20,186.9999664,296.0000164
2800,25,192.9999841,294.9999715
2800,30,199.0000019,296.9999984
2800,35,198.0000199,298.9999624
2800,40,205.0000196,294.9999715
2800,45,223.00001,296.0000164
2800,50,217.9999743,297.9999804
2800,55,220.0000011,295.9999535
2800,60,226.0000189,297.9999804
2800,65,243.0000273,301.9999713
2800,70,241.0000004,296.9999984
2800,75,244.0000093,297.9999804
2800,80,261.0000176,297.9999804
2800,85,245.9999733,300.0000073
2800,90,244.0000093,296.9999984
2800,95,248.0000001,296.0000164
2800,100,264.0000265,296.9999984
2850,5,174.0000118,224.0000549
2850,10,181.9999935,227.9999829
2850,15,188.0000113,296.9999984
2850,20,186.9999664,296.0000164
2850,25,193.9999661,296.0000164
2850,30,199.0000019,297.9999804
2850,35,199.9999839,296.9999984
2850,40,206.9999836,300.0000073
2850,45,224.999974,299.0000253
2850,50,220.9999831,300.0000073
2850,55,223.00001,298.9999624
2850,60,229.0000278,300.9999893
2850,65,243.9999464,300.9999893
2850,70,243.0000273,301.0000521
2850,75,248.0000001,300.0000073
2850,80,263.0000445,303.0000161
2850,85,245.9999733,303.9999981
2850,90,246.9999553,302.0000341
2850,95,263.0000445,301.0000521
2850,100,260.0000356,301.9999713
2900,5,177.0000206,237.0000095
2900,10,185.9999844,238.9999735
2900,15,192.0000021,314.0000068
2900,20,192.0000021,310.9999979
2900,25,200.0000468,310.9999979
2900,30,205.0000196,310.9999979
2900,35,206.0000016,311.9999799
2900,40,223.999992,313.9999439
2900,45,240.0000184,311.9999799
2900,50,227.0000009,313.0000248
2900,55,227.0000009,313.0000248
2900,60,254.0000179,319.0000425
2900,65,249.000045,318.9999796
2900,70,249.9999641,314.9999888
2900,75,255.9999819,316.0000336
2900,80,261.9999996,318.9999796
2900,85,255.9999819,317.0000156
2900,90,256.9999639,319.0000425
2900,95,271.9999454,319.9999616
2900,100,269.9999814,320.0000245
2950,5,184.0000204,244.9999913
2950,10,192.0000021,245.9999733
2950,15,196.999975,315.9999708
2950,20,199.0000019,317.9999976
2950,25,205.0000196,317.0000156
2950,30,213.0000014,318.9999796
2950,35,211.0000374,319.9999616
2950,40,229.0000278,320.0000245
2950,45,247.0000181,317.9999976
2950,50,232.9999558,321.9999885
2950,55,226.0000189,316.0000336
2950,60,253.0000359,316.0000336
2950,65,247.0000181,316.0000336
2950,70,248.0000001,315.9999708
2950,75,252.999973,314.0000068
2950,80,259.9999728,318.9999796
2950,85,252.999973,315.0000516
2950,90,252.999973,314.9999888
2950,95,269.9999814,315.0000516
2950,100,267.9999545,317.0000156
3000,5,181.0000115,245.0000541
3000,10,190.9999573,247.0000181
3000,15,197.999957,321.0000065
3000,20,200.9999659,320.0000245
3000,25,207.9999656,321.0000065
3000,30,213.0000014,320.9999437
3000,35,213.0000014,321.0000065
3000,40,230.9999918,322.0000514
3000,45,248.9999821,323.0000334
3000,50,233.0000186,322.0000514
3000,50,230.9999918,326.9999614
3000,55,234.9999826,323.0000334
3000,60,241.0000004,323.0000334
3000,65,244.9999913,322.9999705
3000,70,244.9999913,324.0000154
3000,75,251.000009,324.9999974
3000,80,256.9999639,323.9999525
3000,85,261.9999996,324.0000154
3000,90,264.0000265,322.9999705
3000,95,272.0000083,325.9999794
3000,100,275.9999991,327.0000243
3000,100,302.0000341,328.9999883
3000,150,321.9999885,328.9999883
3000,200,363.000005,338.9999969
3000,250,398.9999858,338.0000149
3000,300,435.9999485,342.0000058
3000,350,475.000001,345.0000146
3000,400,515.0000355,350.9999695
3000,450,563.0000518,356.0000053
3000,500,600.9999965,355.0000233
3000,550,656.9999945,356.0000053
3000,600,709.0000017,356.9999873
3000,650,725.000028,363.000005
3000,700,764.0000177,360.9999781
3000,750,807.9999802,366.0000139
3000,800,859.9999873,360.9999781
3000,850,894.999986,371.9999688
3050,5,186.9999664,252.999973
3050,10,196.0000559,254.9999999
3050,15,202.0000108,328.0000063
3050,20,203.9999748,328.9999883
3050,25,209.9999925,329.9999703
3050,30,216.9999923,328.9999883
3050,35,216.9999923,328.0000063
3050,40,223.00001,328.0000063
3050,45,230.0000098,328.0000063
3050,50,236.0000275,328.9999883
3050,55,236.0000275,328.9999883
3050,60,243.9999464,330.0000331
3050,65,248.9999821,330.0000331
3050,70,248.9999821,331.9999971
3050,75,254.9999999,331.9999971
3050,80,259.9999728,331.9999971
3050,85,265.0000085,330.9999523
3050,90,263.9999636,326.9999614
3050,95,271.0000263,327.0000243
3050,100,274.0000351,328.9999883
3100,5,188.9999933,261.9999996
3100,10,202.0000108,263.9999636
3100,15,206.9999836,334.000024
3100,20,208.0000285,334.9999432
3100,25,216.0000103,335.000006
3100,30,222.9999471,333.9999611
3100,35,220.9999831,331.0000151
3100,40,228.9999649,335.000006
3100,45,234.9999826,335.999988
3100,50,241.0000004,335.999988
3100,55,242.9999644,336.0000509
3100,60,250.9999461,337.999952
3100,65,254.9999999,337.999952
3100,70,253.999955,335.999988
3100,75,261.0000176,336.99997
3100,80,265.9999905,340.0000418
3100,85,269.9999814,338.0000149
3100,90,272.0000083,339.9999789
3100,95,279.99999,340.0000418
3100,100,284.9999629,337.999952
3150,5,195.000011,265.9999905
3150,10,204.9999568,267.0000354
3150,15,209.9999925,341.0000238
3150,20,210.9999745,336.99997
3150,25,219.0000191,341.0000238
3150,30,223.00001,338.0000149
3150,35,221.9999651,338.9999969
3150,40,230.0000098,338.9999969
3150,45,236.9999466,338.0000149
3150,50,244.0000093,341.9999429
3150,55,246.9999553,342.9999878
3150,60,254.9999999,338.9999969
3150,65,259.9999728,343.9999698
3150,70,258.9999908,343.9999698
3150,75,265.0000085,343.0000506
3150,80,271.0000263,346.9999786
3150,85,275.9999991,345.9999966
3150,90,277.9999631,343.9999698
3150,95,284.9999629,347.9999606
3150,100,289.0000166,343.9999698
3200,5,199.9999839,276.9999811
3200,10,207.9999656,275.9999991
3200,15,214.9999654,348.0000235
3200,20,216.0000103,344.9999518
3200,25,223.00001,350.9999695
3200,30,230.0000098,349.9999875
3200,35,230.0000098,349.9999875
3200,40,237.0000095,348.0000235
3200,45,244.9999913,349.0000055
3200,50,250.000027,349.0000055
3200,55,251.999991,349.9999875
3200,60,258.0000088,348.0000235
3200,65,262.9999816,352.0000144
3200,70,262.9999816,352.9999964
3200,75,268.9999994,349.9999875
3200,80,275.9999991,349.0000055
3200,85,280.999972,352.9999964
3200,90,282.0000169,351.9999515
3200,95,289.9999986,352.9999964
3200,100,293.9999895,352.9999964
3250,5,202.0000108,276.9999811
3250,10,212.0000194,281.999954
3250,15,216.9999923,352.9999964
3250,20,220.0000011,353.9999784
3250,25,226.0000189,349.9999875
3250,30,233.0000186,352.0000144
3250,35,234.0000006,355.0000233
3250,40,241.0000004,352.0000144
3250,45,249.000045,352.9999964
3250,50,252.999973,353.9999784
3250,50,251.999991,354.9999604
3250,55,254.9999999,353.9999784
3250,60,262.9999816,354.0000413
3250,65,265.9999905,355.9999424
3250,70,268.0000174,357.9999693
3250,75,273.9999723,356.0000053
3250,80,280.999972,356.9999873
3250,85,286.0000078,356.0000053
3250,90,286.9999898,354.9999604
3250,95,294.9999715,357.9999693
3250,100,300.0000073,355.0000233
3250,100,297.9999804,357.9999693
3250,150,356.9999873,363.000005
3250,200,387.9999951,366.9999959
3250,250,434.9999665,370.0000048
3250,300,482.0000008,371.9999688
3250,350,518.9999635,373.9999956
3250,400,566.9999798,379.0000314
3250,450,614.999996,380.0000134
3250,500,698.000011,383.0000223
3250,550,708.0000197,382.9999594
3250,600,744.9999824,391.999986
3250,650,789.0000078,398.9999858
3250,700,845.9999878,395.9999769
3250,750,894.000004,399.9999678
3250,800,928.0000208,401.9999946
3250,850,976.9999562,400.9999498
3300,5,206.0000016,286.0000078
3300,10,215.0000283,286.9999898
3300,15,220.0000011,359.0000141
3300,20,223.00001,358.9999513
3300,25,230.9999918,359.0000141
3300,30,239.0000364,362.000023
3300,35,237.9999915,361.000041
3300,40,244.9999913,358.9999513
3300,45,252.999973,360.9999781
3300,50,257.9999459,360.9999781
3300,55,259.9999728,360.9999781
3300,60,268.0000174,360.9999781
3300,65,272.0000083,361.9999602
3300,70,272.9999903,361.9999602
3300,75,278.000026,360.9999781
3300,80,286.0000078,363.999987
3300,85,287.9999718,365.0000319
3300,90,289.9999986,366.9999959
3300,95,296.9999984,359.0000141
3300,100,297.9999804,359.0000141
3350,5,205.0000196,289.0000166
3350,10,214.9999654,289.9999986
3350,15,220.0000011,359.9999961
3350,20,221.9999651,359.9999961
3350,25,229.9999469,360.000059
3350,30,235.9999646,359.9999961
3350,35,236.9999466,360.9999781
3350,40,244.0000093,362.000023
3350,45,251.000009,363.999987
3350,50,256.0000448,363.000005
3350,55,258.9999908,363.999987
3350,60,266.9999725,364.999969
3350,65,271.0000263,363.000005
3350,70,270.9999634,365.0000319
3350,75,276.9999811,366.0000139
3350,80,286.0000078,366.0000139
3350,85,291.9999626,365.0000319
3350,90,293.9999895,361.9999602
3350,95,311.9999799,370.9999868
3350,100,307.999989,373.9999956
3400,5,211.0000374,302.0000341
3400,10,220.9999831,303.0000161
3400,15,227.0000009,375.0000405
3400,20,227.9999829,373.9999956
3400,25,235.9999646,373.0000136
3400,30,241.9999824,376.0000225
3400,35,242.9999644,376.0000225
3400,40,251.000009,377.9999865
3400,45,258.9999908,377.9999865
3400,50,263.9999636,377.0000045
3400,55,265.0000085,377.0000045
3400,60,272.9999903,379.0000314
3400,65,277.9999631,378.0000494
3400,70,277.9999631,377.0000045
3400,75,285.0000258,377.9999865
3400,80,290.9999806,379.0000314
3400,85,296.9999984,380.0000134
3400,90,297.9999804,373.9999956
3400,95,317.9999976,373.0000136
3400,100,309.999953,375.0000405
3450,5,214.9999654,304.9999801
3450,10,223.999992,303.9999981
3450,15,230.0000098,376.0000225
3450,20,232.9999558,376.9999417
3450,25,237.9999915,374.9999776
3450,30,245.9999733,375.9999597
3450,35,245.9999733,377.0000045
3450,40,253.999955,372.0000316
3450,45,262.9999816,377.0000045
3450,50,266.9999725,382.9999594
3450,55,268.9999994,384.9999863
3450,60,276.9999811,382.9999594
3450,65,282.9999989,381.9999774
3450,70,284.0000438,380.0000134
3450,75,291.9999626,380.9999954
3450,80,297.9999804,382.9999594
3450,85,301.9999713,384.0000043
3450,90,305.000043,381.9999774
3450,95,324.0000154,383.0000223
3450,100,318.9999796,384.9999863
3500,5,218.9999563,310.0000159
3500,10,230.0000098,313.0000248
3500,15,235.0000455,383.0000223
3500,20,236.9999466,384.0000043
3500,25,245.0000541,387.9999951
3500,30,251.999991,384.9999863
3500,35,251.000009,389.00004
3500,40,261.9999996,387.9999951
3500,45,268.9999994,386.9999503
3500,50,273.9999723,384.0000043
3500,50,279.99999,388.9999771
3500,55,275.9999991,387.0000131
3500,60,284.0000438,384.0000043
3500,65,289.9999986,385.0000491
3500,70,289.0000166,388.9999771
3500,75,294.9999715,387.0000131
3500,80,300.9999893,385.9999683
3500,85,308.999971,388.000058
3500,90,310.9999979,388.9999771
3500,95,328.0000063,389.00004
3500,100,322.9999705,388.9999771
3500,100,368.9999599,389.00004
3500,150,391.000004,391.999986
3500,200,436.9999934,398.9999858
3500,250,489.9999825,403.9999587
3500,300,521.9999724,408.9999944
3500,350,565.9999978,412.9999853
3500,400,611.0000052,417.9999582
3500,450,714.0000374,419.000003
3500,500,709.9999837,420.0000479
3500,550,792.9999987,426.0000028
3500,600,828.9999794,424.0000388
3500,650,858.9999424,426.9999848
3500,700,902.0000487,436.9999934
3500,750,960.9999927,436.9999934
3500,800,1003.999973,437.9999754
3500,850,1040.999999,440.0000023
3550,5,221.9999651,320.0000245
3550,10,231.9999738,318.9999796
3550,15,238.9999735,391.000004
3550,20,241.9999824,392.0000489
3550,25,247.0000181,391.999986
3550,30,256.9999639,391.999986
3550,35,255.9999819,391.999986
3550,40,265.0000085,390.000022
3550,45,272.9999903,393.0000309
3550,50,278.000026,394.0000129
3550,55,279.99999,394.0000129
3550,60,288.0000346,392.999968
3550,65,289.9999986,393.0000309
3550,70,287.9999718,395.9999769
3550,75,299.9999444,399.0000486
3550,80,310.9999979,394.9999949
3550,85,314.0000068,395.9999769
3550,90,321.0000065,401.9999946
3550,95,357.9999693,400.9999498
3550,100,345.9999966,403.9999587
3600,5,227.0000009,510.9999818
3600,10,236.0000275,511.0000446
3600,15,244.9999913,408.9999944
3600,20,244.0000093,400.0000306
3600,25,265.9999905,401.0000126
3600,30,265.0000085,405.0000035
3600,35,265.0000085,400.0000306
3600,40,284.9999629,415.9999941
3600,45,280.999972,407.0000304
3600,50,288.9999538,407.9999495
3600,55,286.9999898,406.9999675
3600,60,296.9999984,466.9999564
3600,65,433.0000025,429.9999936
3600,70,321.0000065,408.9999944
3600,75,319.9999616,404.0000215
3600,80,349.0000055,405.0000035
3600,85,318.9999796,401.9999946
3600,90,319.9999616,403.9999587
3600,95,363.000005,403.9999587
3600,100,349.9999875,403.9999587
3650,5,223.999992,499.9999912
3650,10,234.0000006,504.0000449
3650,15,238.9999735,401.0000126
3650,20,244.0000093,406.0000484
3650,25,266.9999725,409.0000573
3650,30,261.0000176,411.0000213
3650,35,261.0000176,413.0000481
3650,40,282.9999989,408.9999944
3650,45,277.9999631,405.0000035
3650,50,281.999954,405.9999855
3650,55,280.999972,402.9999766
3650,60,289.9999986,408.9999944
3650,65,314.0000068,412.9999853
3650,70,314.0000068,412.9999853
3650,75,321.0000065,409.9999764
3650,80,353.9999784,409.9999764
3650,85,323.9999525,412.0000033
3650,90,326.9999614,410.9999584
3650,95,366.9999959,410.9999584
3650,100,352.9999964,406.9999675
3700,5,234.0000006,506.9999909
3700,10,244.0000093,509.9999998
3700,15,246.9999553,409.9999764
3700,20,251.000009,408.9999944
3700,25,273.9999723,412.9999853
3700,30,267.0000354,414.0000301
3700,35,268.9999994,412.9999853
3700,40,289.0000166,415.9999941
3700,45,284.9999629,419.999985
3700,50,293.0000075,416.9999762
3700,55,290.9999806,415.0000121
3700,60,299.9999444,415.0000121
3700,65,323.0000334,415.0000121
3700,70,321.9999885,418.000021
3700,75,327.9999434,415.9999941
3700,80,320.0000245,419.000003
3700,85,325.9999794,418.000021
3700,90,328.9999883,412.9999853
3700,95,349.0000055,418.9999402
3700,100,342.0000058,415.9999941
3750,5,235.0000455,516.0000175
3750,10,245.9999733,516.0000175
3750,15,254.9999999,418.000021
3750,20,254.9999999,421.0000299
3750,25,263.9999636,419.999985
3750,30,270.0000443,419.999985
3750,35,271.9999454,420.999967
3750,40,277.9999631,417.9999582
3750,45,289.0000166,419.999985
3750,50,295.0000344,419.999985
3750,50,293.0000075,421.0000299
3750,55,290.9999806,423.9999759
3750,60,300.0000073,421.0000299
3750,65,304.9999801,425.0000208
3750,70,304.9999801,422.9999939
3750,75,311.9999799,422.9999939
3750,80,319.0000425,426.9999848
3750,85,324.9999974,427.0000476
3750,90,328.0000063,422.0000119
3750,95,346.9999786,420.0000479
3750,100,354.0000413,423.9999759
3750,100,345.9999966,429.0000116
3750,150,416.9999762,430.9999757
3750,200,453.0000198,431.9999577
3750,250,503,437.9999754
3750,300,556.9999712,442.0000291
3750,350,600.9999965,449.0000289
3750,400,674.0000029,449.0000289
3750,450,751.9999822,454.0000018
3750,500,754.000009,457.9999927
3750,550,836.000042,468.9999833
3750,600,856.9999784,465.9999744
3750,650,906.9999587,461.9999835
3750,700,966.9999476,469.9999653
3750,750,1025.000035,474.000019
3750,800,1066.999971,476.0000459
3750,850,1124.999996,475.000001
3800,5,233.0000186,521.9999724
3800,10,244.0000093,520.0000084
3800,15,250.9999461,423.9999759
3800,20,253.999955,421.999949
3800,25,264.0000265,433.9999845
3800,30,271.0000263,429.9999936
3800,35,269.9999814,430.9999757
3800,40,283.9999809,435.0000294
3800,45,293.9999895,433.0000025
3800,50,311.9999799,433.9999845
3800,55,317.9999976,431.9999577
3800,60,323.0000334,434.9999665
3800,65,308.0000519,426.0000028
3800,70,307.999989,431.0000385
3800,75,352.9999964,430.9999757
3800,80,344.0000326,434.9999665
3800,85,328.0000063,432.0000205
3800,90,329.9999703,429.9999936
3800,95,351.9999515,431.9999577
3800,100,357.9999693,431.0000385
3850,5,236.0000275,534.0000079
3850,10,246.9999553,534.9999899
3850,15,253.0000359,436.0000114
3850,20,255.9999819,433.0000025
3850,25,262.9999816,433.9999845
3850,30,272.9999903,435.0000294
3850,35,272.0000083,437.9999754
3850,40,279.000008,434.9999665
3850,45,296.9999984,437.9999754
3850,50,315.9999708,439.0000203
3850,55,321.0000065,443.9999931
3850,60,325.9999794,443.0000111
3850,65,321.0000065,440.9999843
3850,70,319.9999616,440.0000023
3850,75,365.0000319,438.9999574
3850,80,355.0000233,439.9999394
3850,85,343.0000506,441.9999663
3850,90,346.9999786,441.9999663
3850,95,364.999969,440.9999843
3850,100,371.9999688,442.0000291
3900,5,246.9999553,546.0000434
3900,10,257.9999459,553.9999623
3900,15,267.9999545,447.000002
3900,20,270.9999634,443.9999931
3900,25,273.9999723,446.9999392
3900,30,283.9999809,450.0000109
3900,35,285.9999449,444.9999752
3900,40,291.0000435,447.000002
3900,45,301.9999713,454.0000018
3900,50,321.0000065,450.0000109
3900,55,326.0000423,453.0000198
3900,60,331.9999971,450.9999929
3900,65,324.9999974,446.9999392
3900,70,325.9999794,450.0000109
3900,75,368.0000408,444.9999752
3900,80,356.0000053,448.999966
3900,85,343.9999698,447.999984
3900,90,347.9999606,448.999966
3900,95,369.0000228,447.999984
3900,100,376.0000225,448.999966
3950,5,248.0000001,548.0000074
3950,10,259.9999728,548.9999894
3950,15,265.9999905,457.0000106
3950,20,268.0000174,454.0000018
3950,25,275.9999991,450.0000109
3950,30,286.9999898,454.0000018
3950,35,286.0000078,456.0000286
3950,40,293.9999895,450.9999929
3950,45,301.9999713,455.9999658
3950,50,322.9999705,454.9999838
3950,55,327.0000243,450.0000109
3950,60,333.9999611,454.9999838
3950,65,327.0000243,454.9999838
3950,70,328.0000063,456.0000286
3950,75,373.9999956,453.0000198
3950,80,362.9999422,454.9999838
3950,85,350.9999695,453.0000198
3950,90,352.9999964,457.0000106
3950,95,373.0000136,454.0000018
3950,100,380.9999954,458.9999747
4000,5,253.999955,555.0000072
4000,10,262.9999816,562.9999889
4000,15,271.0000263,460.0000195
4000,20,272.0000083,460.0000195
4000,25,280.999972,457.9999927
4000,30,289.9999986,461.9999835
4000,35,289.9999986,458.9999747
4000,40,296.9999984,457.0000106
4000,45,304.9999801,456.9999478
4000,50,327.0000243,459.9999567
4000,50,329.9999703,460.0000195
4000,55,328.9999883,464.9999924
4000,60,335.999988,463.0000284
4000,65,328.0000063,462.9999655
4000,70,328.0000063,461.9999835
4000,75,377.0000045,457.9999927
4000,80,363.999987,463.0000284
4000,85,352.9999964,463.9999475
4000,90,356.0000053,464.0000104
4000,95,376.0000225,462.9999655
4000,100,383.0000223,466.0000373
4000,100,415.9999941,464.9999924
4000,150,446.00002,464.9999924
4000,200,498.0000271,478.9999919
4000,250,561.0000249,478.9999919
4000,300,598.9999697,483.9999648
4000,350,646.9999859,493.0000543
4000,400,702.0000019,492.9999914
4000,450,813.9999979,496.0000003
4000,500,814.9999799,497.9999643
4000,550,914.0000213,506.0000089
4000,600,941.9999574,499.0000091
4000,650,971.9999833,505.0000269
4000,700,1018.999955,504.999964
4000,750,1086.000006,513.9999907
4000,800,1133.99996,516.0000175
4000,850,1180.000012,516.9999995
4050,5,254.9999999,564.9999529
4050,10,268.9999994,565.9999978
4050,15,273.9999723,465.9999744
4050,20,275.9999991,468.9999833
4050,25,286.0000078,466.0000373
4050,30,286.9999898,462.9999655
4050,35,286.9999898,463.0000284
4050,40,296.0000164,466.0000373
4050,45,303.9999981,468.0000013
4050,50,324.0000154,468.9999833
4050,55,329.9999703,471.0000101
4050,60,336.0000509,469.9999653
4050,65,328.9999883,469.0000461
4050,70,329.9999703,468.9999833
4050,75,376.9999417,468.9999833
4050,80,363.000005,470.0000281
4050,85,351.9999515,469.9999653
4050,90,356.0000053,468.9999833
4050,95,379.0000314,470.0000281
4050,100,386.9999503,470.0000281
4100,5,257.0000268,572.9999975
4100,10,267.0000354,570.9999707
4100,15,272.0000083,475.000001
4100,20,273.9999723,474.000019
4100,25,282.0000169,482.0000008
4100,30,294.9999715,481.0000188
4100,35,295.9999535,478.9999919
4100,40,304.9999801,475.999983
4100,45,314.9999888,479.9999739
4100,50,335.999988,476.999965
4100,55,339.9999789,476.999965
4100,60,345.9999966,476.999965
4100,65,339.9999789,478.9999919
4100,70,341.0000238,477.999947
4100,75,388.000058,475.999983
4100,80,376.0000225,478.9999919
4100,85,361.9999602,480.0000368
4100,90,367.9999779,482.0000008
4100,95,388.9999771,480.9999559
4100,100,394.9999949,481.0000188
4150,5,261.0000176,574.0000424
4150,10,275.0000171,581.0000421
4150,15,279.99999,481.0000188
4150,20,283.9999809,486.9999737
4150,25,292.0000255,482.0000008
4150,30,300.0000073,484.9999468
4150,35,300.0000073,486.9999737
4150,40,311.9999799,489.0000005
4150,45,321.9999885,485.9999917
4150,50,342.0000058,488.0000185
4150,55,347.9999606,488.0000185
4150,60,352.9999964,489.0000005
4150,65,343.9999698,485.9999917
4150,70,345.0000146,485.9999917
4150,75,391.999986,489.9999825
4150,80,378.0000494,493.9999734
4150,85,367.9999779,489.9999825
4150,90,371.9999688,492.0000094
4150,95,396.9999589,492.9999914
4150,100,403.9999587,489.0000005
4200,5,268.0000174,586.999997
4200,10,270.9999634,588.0000419
4200,15,278.9999451,492.0000094
4200,20,282.9999989,494.0000363
4200,25,292.9999446,495.0000183
4200,30,302.9999533,495.0000183
4200,35,301.9999713,496.0000003
4200,40,310.9999979,499.0000091
4200,45,319.9999616,496.0000003
4200,50,339.9999789,497.0000451
4200,55,345.0000146,498.0000271
4200,60,351.9999515,499.9999912
4200,65,345.0000146,499.0000091
4200,70,345.0000146,498.0000271
4200,75,394.0000129,501.000036
4200,80,378.9999685,500.9999732
4200,85,370.0000048,502.000018
4200,90,373.9999956,503.999982
4200,95,395.9999769,497.9999643
4200,100,401.9999946,504.999964
4250,5,265.9999905,602.0000414
4250,10,278.000026,601.9999785
4250,15,283.0000618,499.9999912
4250,20,285.0000258,497.9999643
4250,25,293.0000075,499.9999912
4250,30,307.999989,503.999982
4250,35,309.999953,503
4250,40,317.9999976,498.0000271
4250,45,327.0000243,497.9999643
4250,50,348.0000235,502.000018
4250,50,350.9999695,501.000036
4250,55,352.9999964,500.9999732
4250,60,358.9999513,501.9999552
4250,65,345.9999966,503.999982
4250,70,346.9999786,499.9999912
4250,75,394.9999949,502.000018
4250,80,382.9999594,506.9999909
4250,85,370.0000048,502.000018
4250,90,373.9999956,504.0000449
4250,95,396.9999589,503.999982
4250,100,405.0000035,503.999982
4250,100,393.99995,503
4250,150,459.9999567,508.0000358
4250,200,509.9999998,514.0000535
4250,250,569.9999887,516.0000175
4250,300,632.0000044,522.0000353
4250,350,686.0000384,516.0000175
4250,400,764.9999997,530.999999
4250,450,860.9999693,540.0000256
4250,500,857.9999604,537.0000168
4250,550,957.9999838,547.0000254
4250,600,974.9999922,548.0000074
4250,650,1029.000026,551.9999983
4250,700,1094.99997,551.0000163
4250,750,1158.000031,558.999998
4250,800,1203.999957,561.0000249
4250,850,1278.99999,564.0000338
4300,5,265.9999905,606.0000323
4300,10,278.9999451,602.0000414
4300,15,286.9999898,503
4300,20,290.9999806,516.9999995
4300,25,300.9999893,516.0000175
4300,30,309.999953,516.9999995
4300,35,309.999953,516.9999995
4300,40,318.9999796,519.0000264
4300,45,328.9999883,518.0000444
4300,50,349.9999875,517.9999815
4300,55,353.9999784,519.0000264
4300,60,362.000023,520.0000084
4300,65,352.9999964,521.0000533
4300,70,356.0000053,523.0000173
4300,75,406.0000484,509.0000178
4300,80,387.9999951,509.9999998
4300,85,376.0000225,508.0000358
4300,90,377.9999865,511.9999638
4300,95,401.0000126,507.9999729
4300,100,409.0000573,513.9999907
4350,5,275.0000171,613.9999512
4350,10,289.9999986,614.999996
4350,15,294.9999715,514.0000535
4350,20,297.9999804,513.9999907
4350,25,307.000007,519.0000264
4350,30,316.9999528,516.0000175
4350,35,317.0000156,516.0000175
4350,40,324.9999974,516.9999995
4350,45,332.9999791,520.9999904
4350,50,355.0000233,525.9999633
4350,55,359.9999961,522.9999544
4350,60,363.000005,517.9999815
4350,65,356.0000053,519.0000264
4350,70,354.9999604,520.9999904
4350,75,405.9999855,517.9999815
4350,80,391.999986,518.0000444
4350,85,380.0000134,517.9999815
4350,90,384.0000043,516.9999995
4350,95,433.9999845,517.9999815
4350,100,417.9999582,520.9999904
4400,5,273.9999723,617.999942
4400,10,286.9999898,617.0000229
4400,15,291.9999626,511.9999638
4400,20,295.0000344,520.0000084
4400,25,323.9999525,513.9999907
4400,30,313.9999439,525.0000441
4400,35,315.0000516,515.0000355
4400,40,340.9999609,530.999999
4400,45,335.999988,516.0000175
4400,50,341.0000238,531.999981
4400,55,341.0000238,520.9999904
4400,60,350.9999695,538.9999808
4400,65,384.0000043,526.0000261
4400,70,384.0000043,525.0000441
4400,75,385.9999683,519.0000264
4400,80,401.0000126,529.9999542
4400,85,393.0000309,525.0000441
4400,90,396.0000398,526.9999453
4400,95,413.0000481,520.0000084
4400,100,429.9999936,533.0000259
4450,5,281.999954,625.9999867
4450,10,293.0000075,628.0000135
4450,15,303.0000161,527.0000082
4450,20,305.9999621,526.0000261
4450,25,333.000042,529.000035
4450,30,325.9999794,529.9999542
4450,35,326.0000423,532.999963
4450,40,349.0000055,530.000017
4450,45,349.0000055,528.9999722
4450,50,354.9999604,529.9999542
4450,55,352.9999964,534.9999899
4450,60,363.000005,532.999963
4450,65,398.0000038,544.9999985
4450,70,393.0000309,539.0000436
4450,75,396.9999589,534.0000079
4450,80,405.9999855,534.0000079
4450,85,396.9999589,535.9999719
4450,90,401.0000126,534.9999899
4450,95,422.0000119,534.9999899
4450,100,434.9999665,534.0000079
4500,5,282.9999989,649.9999948
4500,10,296.0000164,653.0000037
4500,15,303.0000161,537.9999988
4500,20,304.9999801,540.0000256
4500,25,332.9999791,534.0000079
4500,30,322.9999705,537.9999988
4500,35,328.0000063,537.9999988
4500,40,354.9999604,538.0000616
4500,45,366.0000139,538.9999808
4500,50,363.000005,544.9999985
4500,50,354.9999604,542.9999717
4500,55,363.999987,541.0000077
4500,60,373.0000136,544.0000165
4500,65,401.0000126,546.0000434
4500,70,400.0000306,545.9999805
4500,75,405.9999855,544.0000165
4500,80,429.0000116,548.0000074
4500,85,405.9999855,548.0000074
4500,90,407.9999495,546.9999625
4500,95,415.0000121,545.9999805
4500,100,443.9999931,546.9999625
4500,100,423.9999759,550.0000343
4500,150,498.9999463,551.0000163
4500,200,556.9999712,555.9999892
4500,250,598.0000505,558.999998
4500,300,675.9999669,561.0000249
4500,350,720.9999743,567.9999618
4500,400,785.0000169,576.0000064
4500,450,849.9999787,573.9999795
4500,500,905.9999767,586.999997
4500,550,995.9999914,579.9999973
4500,600,1037.000008,586.000015
4500,650,1096.000015,587.999979
4500,700,1155.000022,588.999961
4500,750,1229.999992,592.9999519
4500,800,1286.000053,596.9999428
4500,850,1327.000007,589.0000239
4550,5,291.0000435,650.9999768
4550,10,305.000043,644.999959
4550,15,314.0000068,548.0000074
4550,20,315.9999708,551.9999983
4550,25,317.0000156,551.9999983
4550,30,325.9999794,549.0000523
4550,35,326.0000423,550.0000343
4550,40,335.999988,551.9999983
4550,45,364.0000499,561.0000249
4550,50,361.9999602,558.999998
4550,55,361.9999602,563.9999709
4550,60,372.0000316,564.9999529
4550,65,398.0000038,570.9999707
4550,70,398.0000038,564.0000338
4550,75,403.9999587,551.9999983
4550,80,433.9999845,557.000034
4550,85,409.9999764,550.0000343
4550,90,406.0000484,550.0000343
4550,95,411.0000213,552.9999803
4550,100,436.9999934,558.999998
4600,5,293.0000075,653.9999857
4600,10,305.9999621,656.0000125
4600,15,315.0000516,560.0000429
4600,20,317.9999976,558.999998
4600,25,326.9999614,555.9999892
4600,30,335.000006,557.9999532
4600,35,335.999988,558.999998
4600,40,345.9999966,558.999998
4600,45,377.0000045,558.999998
4600,50,368.9999599,558.999998
4600,55,368.9999599,559.99998
4600,60,380.9999954,565.0000158
4600,65,405.9999855,562.9999889
4600,70,406.9999675,560.0000429
4600,75,412.9999853,561.0000249
4600,80,436.9999934,563.9999709
4600,85,403.9999587,561.0000249
4600,90,406.9999675,565.9999978
4600,95,415.0000121,568.0000247
4600,100,440.9999843,566.9999798
4650,5,290.9999806,667.0000032
4650,10,304.9999801,667.0000032
4650,15,312.0000428,573.9999795
4650,20,314.9999888,569.0000067
4650,25,324.9999974,572.9999975
4650,30,333.9999611,565.9999978
4650,35,333.9999611,576.0000064
4650,40,343.9999698,575.0000244
4650,45,372.9999508,569.9999887
4650,50,363.999987,574.9999615
4650,55,364.999969,576.9999884
4650,60,377.9999865,575.9999435
4650,65,402.9999766,581.0000421
4650,70,405.0000035,570.9999707
4650,75,416.9999762,571.0000335
4650,80,434.9999665,574.0000424
4650,85,408.9999944,580.9999793
4650,90,412.0000033,575.0000244
4650,95,418.000021,569.0000067
4650,100,447.000002,574.9999615
4700,5,293.9999895,674.0000029
4700,10,307.000007,675.9999669
4700,15,314.0000068,580.9999793
4700,20,321.9999885,575.0000244
4700,25,352.9999964,572.9999975
4700,30,345.0000146,574.9999615
4700,35,346.9999786,573.9999795
4700,40,371.0000496,576.9999884
4700,45,366.9999959,576.0000064
4700,50,374.9999776,579.9999973
4700,55,373.9999956,577.9999704
4700,60,383.0000223,582.0000242
4700,65,415.0000121,579.0000153
4700,70,413.9999673,581.0000421
4700,75,450.0000109,593.0000148
4700,80,437.9999754,596.0000237
4700,85,415.9999941,586.000015
4700,90,420.999967,600.0000145
4700,95,447.000002,600.9999965
4700,100,471.9999922,593.9999968
4750,5,303.9999981,677.0000118
4750,10,314.9999888,699.999975
4750,15,320.0000245,597.9999877
4750,20,321.0000065,583.9999882
4750,25,353.9999784,590.9999879
4750,30,345.9999966,599.9999517
4750,35,346.0000595,589.0000239
4750,40,373.9999956,594.9999788
4750,45,370.0000048,593.9999968
4750,50,373.9999956,590.9999879
4750,50,393.0000309,593.0000148
4750,55,376.9999417,584.9999702
4750,60,389.9999592,589.0000239
4750,65,419.000003,585.000033
4750,70,398.9999858,587.999979
4750,75,401.0000126,586.000015
4750,80,410.9999584,586.999997
4750,85,416.9999762,585.000033
4750,90,420.999967,590.0000059
4750,95,447.000002,590.0000059
4750,100,439.0000203,584.9999702
4750,100,447.000002,597.0000057
4750,150,514.9999727,593.0000148
4750,200,571.9999527,605.9999694
4750,250,632.9999864,606.0000323
4750,300,701.0000199,612.00005
4750,350,771.9999994,612.00005
4750,400,857.9999604,613.9999512
4750,450,951.0000469,616.0000409
4750,500,961.9999747,619.9999689
4750,550,1070.999962,619.9999689
4750,600,1089.999997,621.0000138
4750,650,1156.000004,635.0000133
4750,700,1223.999974,639.9999862
4750,750,1299.000008,643.999977
4750,800,1358.000014,645.0000219
4750,850,1425.999985,653.0000037
4800,5,303.9999981,681.0000027
4800,10,317.0000156,686.9999575
4800,15,328.9999883,590.0000059
4800,20,335.999988,592.9999519
4800,25,342.0000058,595.9999608
4800,30,355.0000233,593.9999968
4800,35,353.9999784,588.999961
4800,40,364.999969,593.9999968
4800,45,370.0000048,591.9999699
4800,50,377.0000045,593.9999968
4800,55,381.9999774,590.0000059
4800,60,394.9999949,587.999979
4800,65,396.9999589,598.9999697
4800,70,394.9999949,597.0000057
4800,75,405.9999855,593.0000148
4800,80,413.9999673,590.9999879
4800,85,420.999967,597.0000057
4800,90,424.9999579,593.0000148
4800,95,452.9999569,592.9999519
4800,100,449.999948,601.0000594
4850,5,309.999953,698.999993
4850,10,324.9999974,701.0000199
4850,15,333.9999611,601.9999785
4850,20,335.999988,596.0000237
4850,25,345.9999966,607.9999963
4850,30,357.0000501,598.0000505
4850,35,356.9999873,607.0000143
4850,40,370.0000048,607.9999963
4850,45,380.0000134,598.9999697
4850,50,387.9999951,604.9999874
4850,55,389.9999592,608.9999783
4850,60,399.9999678,608.9999783
4850,65,408.0000124,611.0000052
4850,70,408.0000124,607.0000143
4850,75,417.000039,609.0000411
4850,80,426.9999848,614.999996
4850,85,433.9999845,615.999978
4850,90,436.0000114,606.0000323
4850,95,464.9999924,607.9999963
4850,100,455.9999658,604.9999874
4900,5,309.0000339,709.0000017
4900,10,322.0000514,709.0000017
4900,15,331.9999971,609.0000411
4900,20,335.000006,611.0000052
4900,25,351.0000324,613.000032
4900,30,361.9999602,611.0000052
4900,35,361.9999602,616.99996
4900,40,371.9999688,616.0000409
4900,45,380.0000134,604.9999874
4900,50,387.9999951,610.0000232
4900,55,389.9999592,611.0000052
4900,60,401.9999946,611.9999872
4900,65,410.9999584,620.9999509
4900,70,408.0000124,618.9999869
4900,75,419.000003,614.999996
4900,80,429.0000116,626.9999687
4900,85,436.9999934,618.0000049
4900,90,440.0000023,621.0000138
4900,95,468.9999833,608.9999783
4900,100,459.9999567,613.000032
4950,5,318.9999796,716.9999834
4950,10,331.9999971,716.9999834
4950,15,339.9999789,618.0000049
4950,20,342.9999878,611.9999872
4950,25,352.9999964,620.0000318
4950,30,365.999951,622.9999778
4950,35,367.0000588,626.9999687
4950,40,377.0000045,619.9999689
4950,45,388.9999771,621.0000138
4950,50,396.0000398,618.9999869
4950,55,398.0000038,621.0000138
4950,60,411.0000213,624.0000227
4950,65,416.9999762,625.0000047
4950,70,415.9999941,622.9999778
4950,75,426.0000028,618.9999869
4950,80,429.0000116,627.0000315
4950,85,435.9999485,623.0000407
4950,90,439.0000203,626.9999687
4950,95,468.0000013,627.9999507
4950,100,458.9999747,628.0000135
5000,5,316.0000336,733.9999918
5000,10,329.9999703,733.0000098
5000,15,338.9999969,633.9999684
5000,20,350.9999695,626.9999687
5000,25,359.9999961,630.0000404
5000,30,370.0000048,636.0000581
5000,35,370.0000048,632.9999864
5000,40,383.0000223,635.0000133
5000,45,393.0000309,639.0000042
5000,50,404.0000215,636.9999773
5000,50,408.9999944,630.0000404
5000,55,407.9999495,639.9999862
5000,60,420.999967,636.9999773
5000,65,426.9999848,628.0000135
5000,70,424.9999579,631.0000224
5000,75,435.9999485,649.9999948
5000,80,464.9999924,649.0000128
5000,85,443.9999931,635.0000133
5000,90,443.9999931,634.0000313
5000,95,460.0000195,638.0000222
5000,100,472.9999742,643.999977
5000,100,482.0000008,634.0000313
5000,150,549.9999714,639.9999862
5000,200,597.9999877,653.0000037
5000,250,719.9999923,648.0000308
5000,300,752.000045,656.9999945
5000,350,799.0000164,660.9999854
5000,400,868.0000319,661.9999674
5000,450,950.9999841,666.9999403
5000,500,1009.000009,674.0000029
5000,550,1099.999943,674.9999849
5000,600,1143.999968,680.0000207
5000,650,1217.999957,685.9999755
5000,700,1284.999945,692.9999753
5000,750,1377.999969,691.0000113
5000,800,1443.999975,695.0000022
5000,850,1477.999992,696.9999662
